age_group,avg_aum,avg_products,buy_rate,customer_count
<30,136415.93177720776,1.68083547086845,0.47746427262733604,2729
30-45,143469.63311989652,1.975099037917374,0.3265421618562535,12369
45-60,130387.84934889321,1.9202556265629342,0.1578216171158655,10797
60+,116369.22361799817,1.8151209060299969,0.05417814508723599,3267
